{
  "low": {
    "1": {
      "a": -4.807745279338757,
      "b": 0.773388884111248,
      "loc": 0.9927181072134932,
      "scale": 0.003381593167730684
    },
    "2": {
      "a": -4.816430790641132,
      "b": 0.7797548561312492,
      "loc": 0.99437811936145,
      "scale": 0.0036337374577629688
    },
    "3": {
      "a": -4.947549766877758,
      "b": 0.7777076520263277,
      "loc": 0.9911220946881644,
      "scale": 0.003033144998833001
    },
    "4": {
      "a": -4.919360522179474,
      "b": 0.7740023485024676,
      "loc": 0.9909736001278993,
      "scale": 0.0030391021166006225
    },
    "5": {
      "a": -4.126886682947598,
      "b": 0.7850403991916988,
      "loc": 0.9882063380291453,
      "scale": 0.00926217123085547
    },
    "6": {
      "a": -4.890860326168944,
      "b": 0.7825434846293198,
      "loc": 0.9848989893866555,
      "scale": 0.0037570725613611314
    },
    "7": {
      "a": -5.081622394812156,
      "b": 0.787335957455368,
      "loc": 0.9840140799725035,
      "scale": 0.002843352997077343
    },
    "8": {
      "a": -5.052541315493812,
      "b": 0.7838769849244744,
      "loc": 0.98280708415095,
      "scale": 0.002846890206620361
    },
    "9": {
      "a": -5.057775172178726,
      "b": 0.7875992129263074,
      "loc": 0.9790647331206848,
      "scale": 0.0031448292395374004
    },
    "10": {
      "a": -5.081698973619364,
      "b": 0.7922277018044817,
      "loc": 0.978667105964234,
      "scale": 0.003268813170139573
    },
    "11": {
      "a": -5.217159288145458,
      "b": 0.7902864986526663,
      "loc": 0.978368471683833,
      "scale": 0.0027478361392463766
    },
    "12": {
      "a": -5.253145845420855,
      "b": 0.790563600810962,
      "loc": 0.9799406870153695,
      "scale": 0.002936272303643489
    }
  },
  "medium": {
    "1": {
      "a": -6.556301193461888,
      "b": 1.2375080219144268,
      "loc": 13.853524136087884,
      "scale": 0.11985598866854841
    },
    "2": {
      "a": -5.773764591372251,
      "b": 0.9956074553120868,
      "loc": 15.406508241095352,
      "scale": 0.04846311610584811
    },
    "3": {
      "a": -6.348079675434668,
      "b": 1.2418928951008852,
      "loc": 13.864026537820884,
      "scale": 0.13935364486274102
    },
    "4": {
      "a": -5.843239259471051,
      "b": 1.0024004567676603,
      "loc": 14.972478004841477,
      "scale": 0.05465469540867951
    },
    "5": {
      "a": -6.3052814743810295,
      "b": 1.1253159645494555,
      "loc": 14.949610512463302,
      "scale": 0.06897810715529257
    },
    "6": {
      "a": -5.812753272716826,
      "b": 1.0570685013622936,
      "loc": 14.859612906496778,
      "scale": 0.08003475767210225
    },
    "7": {
      "a": -5.949782735741057,
      "b": 1.0475711515361492,
      "loc": 15.104978767551351,
      "scale": 0.05978344446776555
    },
    "8": {
      "a": -5.265951795906961,
      "b": 0.917944751248724,
      "loc": 15.45269599749615,
      "scale": 0.05343173234868276
    },
    "9": {
      "a": -5.934396017248199,
      "b": 1.0594541074066697,
      "loc": 14.905691258451432,
      "scale": 0.06677454675901127
    },
    "10": {
      "a": -6.510029916866657,
      "b": 1.2987250317901626,
      "loc": 13.571893790540784,
      "scale": 0.1596938717057934
    },
    "11": {
      "a": -6.015776835708564,
      "b": 1.1907215290359643,
      "loc": 14.717454192415985,
      "scale": 0.11737920856016781
    },
    "12": {
      "a": -5.729147042864096,
      "b": 1.0241433343194126,
      "loc": 15.008870604804322,
      "scale": 0.0688936493433665
    }
  },
  "high": {
    "1": {
      "a": -1.9668574542428776,
      "b": 1.0289345218169184,
      "loc": 63.80970508697986,
      "scale": 5.67435615174954
    },
    "2": {
      "a": -5.6406481672727224,
      "b": 0.9503023552851511,
      "loc": 58.35135532844109,
      "scale": 0.09935751324910724
    },
    "3": {
      "a": -4.741177423126032,
      "b": 0.6714027069102457,
      "loc": 60.31554380270673,
      "scale": 0.014370080292324484
    },
    "4": {
      "a": -5.829564690087494,
      "b": 1.0447419510406966,
      "loc": 57.633819581316544,
      "scale": 0.14352192491615245
    },
    "5": {
      "a": -5.919120108469958,
      "b": 1.1408880796507899,
      "loc": 57.68430940660082,
      "scale": 0.22523216407123436
    },
    "6": {
      "a": -5.1814236404906335,
      "b": 0.8554716960125182,
      "loc": 58.656425080331076,
      "scale": 0.08174403537699348
    },
    "7": {
      "a": -5.745546661887266,
      "b": 1.1443043819256786,
      "loc": 57.05734474658655,
      "scale": 0.33592656581635105
    },
    "8": {
      "a": -5.430516941552382,
      "b": 0.8658882757809272,
      "loc": 61.9870272469695,
      "scale": 0.06032004849585545
    },
    "9": {
      "a": -6.264683925116836,
      "b": 1.230092460423234,
      "loc": 54.98532344481824,
      "scale": 0.30733497163793133
    },
    "10": {
      "a": -6.036291222496305,
      "b": 1.0086747089221835,
      "loc": 57.77361661356906,
      "scale": 0.10259936871248657
    },
    "11": {
      "a": -5.300090706369021,
      "b": 0.8164430546588242,
      "loc": 58.96441767458225,
      "scale": 0.05888333475313784
    },
    "12": {
      "a": -5.469441823368669,
      "b": 0.938435914725193,
      "loc": 59.55725275732675,
      "scale": 0.13054824367854267
    }
  }
}